Model,Selected strata,"Share selected, %"
ARIMA,173,64.07407407407408
ETS,97,35.925925925925924
